img,xmin,ymin,xmax,ymax
0.jpg,0.604744554,0.401952028,0.694833875,0.535430551
1.jpg,0.419349313,0.259599686,0.529447377,0.420555621
2.jpg,0.449900687,0.441832513,0.523934722,0.568685889
3.jpg,0.564033926,0.44026342,0.664916873,0.564736784
4.jpg,0.531120479,0.350842595,0.642935038,0.478078216
5.jpg,0.551490903,0.389584571,0.672452807,0.567219138
6.jpg,0.443843573,0.309921145,0.561280131,0.444780439
7.jpg,0.439308077,0.283881605,0.531301796,0.428064436
8.jpg,0.406391114,0.304123729,0.497325063,0.451149821
9.jpg,0.391060561,0.407456368,0.502543509,0.540432096
10.jpg,0.516490281,0.391069353,0.63896203,0.556508362
11.jpg,0.396053702,0.364773721,0.482587308,0.485628664
12.jpg,0.542306781,0.409876376,0.629641175,0.554686487
13.jpg,0.329106808,0.369915456,0.464133382,0.52377224
14.jpg,0.337107748,0.348807991,0.441311389,0.499597907
15.jpg,0.386494547,0.319954246,0.517587304,0.488496304
16.jpg,0.314182252,0.253602892,0.422132969,0.432472557
17.jpg,0.260127157,0.374487251,0.384346455,0.551399052
18.jpg,0.540314019,0.376200467,0.691585481,0.56553781
19.jpg,0.370799035,0.292170912,0.500555396,0.443680912
20.jpg,0.363651395,0.354865193,0.449095577,0.483666241
21.jpg,0.482719332,0.396086127,0.582328618,0.534257889
22.jpg,0.545725524,0.426965505,0.641323984,0.575379789
23.jpg,0.375481576,0.382273108,0.479879558,0.51404798
24.jpg,0.473220646,0.446235597,0.564685047,0.570028543
25.jpg,0.444266856,0.338216782,0.559206188,0.52150774
26.jpg,0.394115835,0.351437509,0.503290653,0.523329139
27.jpg,0.450475961,0.428209901,0.545275331,0.559600174
28.jpg,0.610610306,0.340727448,0.719029844,0.504931092
29.jpg,0.503893137,0.273712099,0.631951153,0.437151402
30.jpg,0.383858711,0.351684541,0.469701916,0.478335857
31.jpg,0.472016573,0.357894838,0.575954318,0.502002835
32.jpg,0.353963047,0.406049192,0.489516407,0.568699598
33.jpg,0.539052963,0.421127737,0.684834361,0.606129587
34.jpg,0.305447131,0.375056058,0.392922908,0.513941288
35.jpg,0.296156853,0.274331897,0.43451646,0.441394925
36.jpg,0.417795599,0.277222216,0.521895289,0.447556347
37.jpg,0.395181894,0.413414508,0.489209682,0.570667803
38.jpg,0.262722611,0.362047911,0.408861876,0.531499565
39.jpg,0.447196901,0.417944998,0.524206281,0.550110161
40.jpg,0.307324648,0.314887643,0.423669726,0.497411132
41.jpg,0.367741495,0.426172227,0.484143168,0.574733615
42.jpg,0.610347092,0.38821435,0.718911827,0.575321615
43.jpg,0.550904036,0.358831972,0.662343383,0.490368009
44.jpg,0.588139117,0.295617461,0.699027419,0.434501797
45.jpg,0.526244164,0.344523132,0.631813169,0.496433139
46.jpg,0.566617012,0.388033748,0.646784782,0.506376505
47.jpg,0.356782168,0.333665848,0.443138659,0.478749394
48.jpg,0.386893839,0.438863099,0.491024584,0.56444943
49.jpg,0.394672453,0.408586502,0.494295001,0.547314048
50.jpg,0.591312826,0.436144084,0.676976323,0.566466153
51.jpg,0.378457665,0.354371309,0.492486775,0.525108755
52.jpg,0.545112729,0.307809651,0.662349403,0.439858288
53.jpg,0.506053984,0.375279069,0.624495685,0.505992472
54.jpg,0.542058706,0.43421793,0.655500889,0.565027297
55.jpg,0.368324161,0.37107414,0.475316852,0.535609126
56.jpg,0.446225017,0.320657283,0.54111588,0.482648194
57.jpg,0.40980196,0.309948355,0.526510239,0.455420077
58.jpg,0.260211319,0.281296253,0.378015339,0.454458386
59.jpg,0.286250174,0.441258878,0.388681442,0.592432916
60.jpg,0.443803787,0.318554908,0.547564745,0.493357509
61.jpg,0.468307853,0.398526609,0.573827326,0.572697222
62.jpg,0.565289915,0.373509645,0.668876886,0.498078197
63.jpg,0.527242482,0.318182111,0.607557297,0.451634645
64.jpg,0.399617881,0.36006701,0.49145636,0.518516898
65.jpg,0.341732472,0.33345297,0.420090199,0.463158041
66.jpg,0.458993673,0.375831842,0.553491414,0.510116875
67.jpg,0.319872081,0.374889135,0.424458712,0.498567939
68.jpg,0.591991961,0.382586747,0.703365505,0.516885996
69.jpg,0.356864393,0.387442678,0.509785295,0.552902758
70.jpg,0.571594357,0.426286548,0.681849957,0.549582362
71.jpg,0.397218436,0.274965376,0.532297134,0.422553569
72.jpg,0.578570664,0.287588,0.68785578,0.448292732
73.jpg,0.581674397,0.368429899,0.67748028,0.489739478
74.jpg,0.515136957,0.261357695,0.622854888,0.430456251
75.jpg,0.523710549,0.431616455,0.60885644,0.566134632
76.jpg,0.426094711,0.361017793,0.572605491,0.541193485
77.jpg,0.349387586,0.358430088,0.427366644,0.487479061
78.jpg,0.531925678,0.427773952,0.661334395,0.585139036
79.jpg,0.602081895,0.39996767,0.726809144,0.565089941
80.jpg,0.53680104,0.397435367,0.656620622,0.557770312
81.jpg,0.524010479,0.408905149,0.622574389,0.554615676
82.jpg,0.446021289,0.266591638,0.549539268,0.43287313
83.jpg,0.525919139,0.354065537,0.619196177,0.479917973
84.jpg,0.604338109,0.40120697,0.693268657,0.539592147
85.jpg,0.573191106,0.347281307,0.660451949,0.496534288
86.jpg,0.388927102,0.343215078,0.483118445,0.494127661
87.jpg,0.463436067,0.379687548,0.56923455,0.521870375
88.jpg,0.432093471,0.406156033,0.543487191,0.560615599
89.jpg,0.500115991,0.29775995,0.595970571,0.446112692
90.jpg,0.583505988,0.379446328,0.676825166,0.515239179
91.jpg,0.464606076,0.414427817,0.567583084,0.586524844
92.jpg,0.560868144,0.394416362,0.643550336,0.521897316
93.jpg,0.442532718,0.266408294,0.546604753,0.425794303
94.jpg,0.307084173,0.347418427,0.437325805,0.52848345
95.jpg,0.419744223,0.365589738,0.527849793,0.50035429
96.jpg,0.592988014,0.438168377,0.672452986,0.559565783
97.jpg,0.390862316,0.433222324,0.487837553,0.586329401
98.jpg,0.366055191,0.314348489,0.467802435,0.472531766
99.jpg,0.54905498,0.322839826,0.634555161,0.457149744
100.jpg,0.558100224,0.430991888,0.639543712,0.566603363
101.jpg,0.421062917,0.373483777,0.557331085,0.540743887
102.jpg,0.628157377,0.389550507,0.734691918,0.575563192
103.jpg,0.516991854,0.355771005,0.620630741,0.482309341
104.jpg,0.567202985,0.389791369,0.657092929,0.537178874
105.jpg,0.608511984,0.395120054,0.699411094,0.551043272
106.jpg,0.432603121,0.342496008,0.546096444,0.508956492
107.jpg,0.361806244,0.396552086,0.491097927,0.555333674
108.jpg,0.546166718,0.315634668,0.622383058,0.446026981
109.jpg,0.411033601,0.378516763,0.515675247,0.505296111
110.jpg,0.577463269,0.421888858,0.662873566,0.571519911
111.jpg,0.460023105,0.387844831,0.556615353,0.525981128
112.jpg,0.360782921,0.401716173,0.490105003,0.557572067
113.jpg,0.442439318,0.436674654,0.522380173,0.570639014
114.jpg,0.498268306,0.310100377,0.590048909,0.451610923
115.jpg,0.436637431,0.349331856,0.515561998,0.472262889
116.jpg,0.27849257,0.347512603,0.411570758,0.506603777
117.jpg,0.37797296,0.277995437,0.527334988,0.448080152
118.jpg,0.482831031,0.302481294,0.584838986,0.47435227
119.jpg,0.458892316,0.402334571,0.547571361,0.546401322
120.jpg,0.460092187,0.322894633,0.562959015,0.458321035
121.jpg,0.289535314,0.438199699,0.420485377,0.590044558
122.jpg,0.450811893,0.33926788,0.535451353,0.460568666
123.jpg,0.379521936,0.317617744,0.496033221,0.506490707
124.jpg,0.460584968,0.292585969,0.583679616,0.440092772
125.jpg,0.596896648,0.308607638,0.693175912,0.451076299
126.jpg,0.478120059,0.273037016,0.586275041,0.440772176
127.jpg,0.396219671,0.413776875,0.509811461,0.551089406
128.jpg,0.52174443,0.399839848,0.609916747,0.528888464
129.jpg,0.495375633,0.37465474,0.606508017,0.501246035
130.jpg,0.36016801,0.403563231,0.478235394,0.551171482
131.jpg,0.590860546,0.297761232,0.736527205,0.473430097
132.jpg,0.410893828,0.396476388,0.497310907,0.53626442
133.jpg,0.360458851,0.294523746,0.500032485,0.443243861
134.jpg,0.341801465,0.363772601,0.429673314,0.489795208
135.jpg,0.307062328,0.297646135,0.4224554,0.444242388
136.jpg,0.284177154,0.347521722,0.384413004,0.515282094
137.jpg,0.34698078,0.399383664,0.484521419,0.572320223
138.jpg,0.409196585,0.406266361,0.542419732,0.560590982
139.jpg,0.481083155,0.413723588,0.57259202,0.548451304
140.jpg,0.4992024,0.401667833,0.622185051,0.569677293
141.jpg,0.489879042,0.267409503,0.592954218,0.437740207
142.jpg,0.363367617,0.297346562,0.469392389,0.464265704
143.jpg,0.498267084,0.299884111,0.592454612,0.44769302
144.jpg,0.359815598,0.403110862,0.450098336,0.536500752
145.jpg,0.579964042,0.349009454,0.712725699,0.526063085
146.jpg,0.407099694,0.408135831,0.492760807,0.53472966
147.jpg,0.335252941,0.290264666,0.455088317,0.428748518
148.jpg,0.457899809,0.384389222,0.582501769,0.558278203
149.jpg,0.465521723,0.382232934,0.570934832,0.555470943
150.jpg,0.354988426,0.308619261,0.467831701,0.462569535
151.jpg,0.544317067,0.388887852,0.62495327,0.510822833
152.jpg,0.382942498,0.407061726,0.483332336,0.555137277
153.jpg,0.591801107,0.370093882,0.687968254,0.518773437
154.jpg,0.495474339,0.385764182,0.630662918,0.537005544
155.jpg,0.403639436,0.303268701,0.512031913,0.43550998
156.jpg,0.469364583,0.396468043,0.584375739,0.536607325
157.jpg,0.572291195,0.315896451,0.681460202,0.502712548
158.jpg,0.600099504,0.346883863,0.700509489,0.508425593
159.jpg,0.470949233,0.422911853,0.559318244,0.556741774
160.jpg,0.582676589,0.355092943,0.698815823,0.520928621
161.jpg,0.475205064,0.356253594,0.559379935,0.495558172
162.jpg,0.280668795,0.397958606,0.391144156,0.567498565
163.jpg,0.451160342,0.280709445,0.566736698,0.453184962
164.jpg,0.41718936,0.335540295,0.506043673,0.465550721
165.jpg,0.614708781,0.426769495,0.720020592,0.578727186
166.jpg,0.332405508,0.392898351,0.424674392,0.53973037
167.jpg,0.597524762,0.371889859,0.705120981,0.544051409
168.jpg,0.56867075,0.33870396,0.650634706,0.47853601
169.jpg,0.383751243,0.317354351,0.499889284,0.485207289
170.jpg,0.340878576,0.315901488,0.454038829,0.488755941
171.jpg,0.516163647,0.357906878,0.653898835,0.522179604
172.jpg,0.401828319,0.310850471,0.512504995,0.439191431
173.jpg,0.324754387,0.444863707,0.436246872,0.582032263
174.jpg,0.313456923,0.27738899,0.416767955,0.429117024
175.jpg,0.285097957,0.306398094,0.406273544,0.470860571
176.jpg,0.291740626,0.331211329,0.44147864,0.491380453
177.jpg,0.327032685,0.412335932,0.449890196,0.578668356
178.jpg,0.577302277,0.337723255,0.676115751,0.508987486
179.jpg,0.407248229,0.397028148,0.48835367,0.52713412
180.jpg,0.358585,0.389999777,0.455995202,0.553699851
181.jpg,0.527847767,0.299726784,0.635969996,0.447937071
182.jpg,0.307174116,0.308863819,0.404385686,0.461484402
183.jpg,0.349227339,0.389415056,0.44336763,0.552146733
184.jpg,0.353882104,0.410612196,0.448597968,0.572961688
185.jpg,0.339206904,0.325801849,0.438187778,0.482122034
186.jpg,0.463290483,0.337801874,0.55666697,0.471611679
187.jpg,0.585191488,0.322094709,0.681285977,0.478984565
188.jpg,0.448260754,0.347748578,0.553072631,0.477440298
189.jpg,0.362634808,0.437261015,0.453532308,0.569644988
190.jpg,0.581307232,0.355142087,0.6765697,0.492404282
191.jpg,0.515497386,0.388852894,0.617404222,0.519523084
192.jpg,0.565607607,0.419704884,0.67270565,0.554876626
193.jpg,0.328627557,0.264701545,0.443771839,0.437570095
194.jpg,0.463141441,0.384856224,0.570475042,0.56518048
195.jpg,0.359459698,0.310083389,0.452301115,0.471825123
196.jpg,0.505222797,0.358710408,0.579849362,0.479142487
197.jpg,0.421364903,0.387097359,0.514776707,0.521749854
198.jpg,0.490126818,0.334831536,0.579775035,0.470174193
199.jpg,0.352646351,0.320555955,0.434861094,0.452801585
200.jpg,0.366268247,0.405642003,0.474358946,0.590358078
201.jpg,0.326458812,0.381530941,0.432517886,0.501439869
202.jpg,0.453825206,0.347644866,0.567557931,0.534851193
203.jpg,0.407097489,0.434819609,0.490455717,0.577796042
204.jpg,0.342916191,0.393531203,0.467613488,0.541439712
205.jpg,0.318509549,0.427589506,0.419165254,0.569601238
206.jpg,0.39994669,0.436343044,0.509391487,0.580094099
207.jpg,0.425299466,0.372207612,0.539794624,0.496547848
208.jpg,0.287025154,0.299465388,0.393610984,0.479728639
209.jpg,0.41187346,0.431290478,0.488618255,0.552406013
210.jpg,0.581986606,0.355077922,0.677017093,0.492822528
211.jpg,0.427554011,0.324813068,0.512068391,0.470812559
212.jpg,0.283479422,0.303479761,0.407657534,0.45318073
213.jpg,0.487498254,0.314656734,0.59893775,0.439698249
214.jpg,0.519101918,0.257908612,0.664378285,0.434130847
215.jpg,0.562436938,0.341620684,0.650206208,0.468502402
216.jpg,0.509163737,0.391588598,0.59594053,0.509836257
217.jpg,0.516284823,0.371767759,0.634124517,0.520108759
218.jpg,0.472990632,0.351364285,0.579073608,0.504764736
219.jpg,0.582480311,0.334634453,0.682027876,0.487856776
220.jpg,0.48625505,0.400526196,0.592300832,0.560070574
221.jpg,0.419043541,0.313873142,0.533060491,0.457076579
222.jpg,0.461719722,0.397160023,0.543316483,0.526486516
223.jpg,0.37104854,0.282087982,0.493657947,0.45118618
224.jpg,0.405938148,0.373352945,0.518301427,0.553372622
225.jpg,0.411599487,0.39562276,0.53198415,0.542025864
226.jpg,0.443568975,0.385730207,0.518568695,0.509206831
227.jpg,0.490179151,0.395029545,0.576766491,0.522088289
228.jpg,0.516399801,0.317277193,0.609970748,0.458192319
229.jpg,0.546886384,0.34318915,0.698906302,0.516192555
230.jpg,0.527476609,0.444134384,0.611172557,0.579042554
231.jpg,0.557954431,0.417130649,0.671290338,0.584680974
232.jpg,0.446699411,0.33494249,0.557400167,0.466985404
233.jpg,0.323178798,0.443139136,0.413322747,0.591448009
234.jpg,0.295419753,0.389758557,0.422856987,0.528140843
235.jpg,0.571381688,0.330956876,0.668071747,0.45416382
236.jpg,0.482936531,0.403019845,0.595181704,0.587449491
237.jpg,0.483033985,0.35210216,0.56089592,0.481864214
238.jpg,0.335890383,0.356908202,0.445324361,0.529889941
239.jpg,0.480242282,0.415819377,0.586492956,0.535970807
240.jpg,0.542824566,0.408391625,0.649893522,0.555382967
241.jpg,0.555993617,0.346502513,0.692287147,0.512116671
242.jpg,0.34112224,0.363556892,0.453879952,0.535651445
243.jpg,0.324212343,0.369702667,0.421048313,0.510225475
244.jpg,0.517834187,0.386172116,0.600892782,0.520495236
245.jpg,0.382047892,0.289927006,0.514191091,0.444371432
246.jpg,0.548277855,0.351102203,0.672205091,0.520027101
247.jpg,0.385299921,0.416622281,0.475434363,0.5437482
248.jpg,0.544677377,0.389263362,0.636731148,0.540863454
249.jpg,0.594647765,0.42411676,0.686957717,0.571726143
250.jpg,0.388626099,0.38916862,0.485962361,0.535855711
251.jpg,0.419632018,0.35945189,0.5261994,0.530476928
252.jpg,0.317150116,0.36945954,0.418970644,0.519746304
253.jpg,0.323968917,0.352528483,0.436323643,0.476886064
254.jpg,0.283724099,0.382219106,0.415392518,0.541153371
255.jpg,0.580834746,0.360600442,0.661962628,0.479660571
256.jpg,0.498381019,0.303491145,0.592891097,0.461009055
257.jpg,0.577295899,0.420096606,0.653412282,0.544887424
258.jpg,0.61193186,0.42694971,0.70142597,0.580303669
259.jpg,0.58028239,0.430473536,0.662971497,0.553472221
260.jpg,0.445900619,0.320841938,0.552568972,0.466295034
261.jpg,0.479273528,0.298124492,0.564842165,0.426056743
262.jpg,0.436196744,0.403652132,0.520749331,0.526495516
263.jpg,0.335878491,0.288624883,0.437182099,0.444605678
264.jpg,0.349150628,0.301970661,0.432221293,0.444463462
265.jpg,0.478102922,0.330403537,0.561581731,0.466842175
266.jpg,0.335796416,0.384484023,0.44668588,0.573193133
267.jpg,0.497075468,0.380339503,0.573281884,0.510210574
268.jpg,0.450888366,0.383697897,0.56401372,0.569980979
269.jpg,0.542859018,0.383324474,0.639674604,0.526998043
270.jpg,0.544391572,0.361381084,0.631562352,0.478986263
271.jpg,0.326586664,0.401207268,0.428857982,0.579330683
272.jpg,0.423027337,0.292127192,0.516868234,0.432084262
273.jpg,0.504265428,0.417558819,0.59520483,0.551307857
274.jpg,0.273168445,0.327206999,0.401198715,0.47724849
275.jpg,0.305134833,0.382997572,0.443720877,0.56267333
276.jpg,0.451612651,0.387518644,0.533654034,0.506296933
277.jpg,0.429655641,0.351486087,0.532378018,0.502977729
278.jpg,0.443393886,0.390943497,0.530070484,0.529162288
279.jpg,0.299353212,0.301589131,0.401248932,0.440750092
280.jpg,0.47020036,0.402533263,0.578494787,0.518525779
281.jpg,0.456297457,0.324398994,0.548017383,0.461987615
282.jpg,0.42279619,0.440077156,0.506048024,0.581612408
283.jpg,0.527168572,0.377104819,0.628314078,0.521335661
284.jpg,0.401469201,0.341510534,0.480661988,0.463527948
285.jpg,0.488160759,0.390255183,0.582200646,0.531546831
286.jpg,0.525230765,0.325874656,0.633021295,0.455596745
287.jpg,0.389857024,0.417493284,0.472758681,0.545624197
288.jpg,0.361387223,0.308855504,0.468067914,0.448636472
289.jpg,0.454901367,0.320140779,0.543169379,0.450479895
290.jpg,0.530682206,0.328568131,0.616865337,0.467809826
291.jpg,0.417429924,0.293285817,0.527699769,0.463275313
292.jpg,0.347006649,0.374896884,0.450992584,0.542628586
293.jpg,0.479312003,0.308790535,0.584558487,0.455874145
294.jpg,0.446047574,0.368649244,0.575113237,0.523902059
295.jpg,0.46146062,0.352415472,0.539496005,0.479069978
296.jpg,0.477549076,0.346082628,0.591528594,0.507967353
297.jpg,0.351259768,0.402827054,0.477677792,0.589192867
298.jpg,0.501362979,0.398409188,0.598053932,0.550566673
299.jpg,0.565653622,0.332593143,0.689701617,0.504999042
300.jpg,0.422358215,0.414987594,0.510805309,0.550740123
301.jpg,0.284730375,0.347313285,0.410179555,0.488381505
302.jpg,0.489410996,0.429452151,0.594074965,0.553125381
303.jpg,0.522324979,0.295257241,0.644203901,0.442632586
304.jpg,0.300128728,0.430383205,0.401480526,0.589881539
305.jpg,0.546434999,0.333921522,0.65552175,0.4978742
306.jpg,0.420568258,0.446406662,0.507161856,0.571821928
307.jpg,0.387758762,0.422382593,0.482634276,0.575485051
308.jpg,0.569734752,0.354290128,0.662517726,0.511763155
309.jpg,0.420586705,0.265141577,0.532881141,0.44228074
310.jpg,0.326270103,0.357697397,0.421886325,0.520610034
311.jpg,0.597362041,0.360674053,0.672996223,0.474499583
312.jpg,0.336645693,0.343955487,0.424850196,0.481438279
313.jpg,0.31763795,0.420538545,0.426820397,0.570714414
314.jpg,0.315462261,0.433088303,0.410504311,0.580787718
315.jpg,0.347446382,0.422680348,0.457931876,0.562310636
316.jpg,0.303632945,0.40459314,0.455937147,0.573965788
317.jpg,0.42533803,0.397307158,0.499336004,0.525103867
318.jpg,0.549890459,0.314512432,0.664905131,0.445580363
319.jpg,0.405969292,0.390302271,0.550219953,0.56326896
320.jpg,0.301374614,0.42809999,0.405309081,0.558467984
321.jpg,0.358634681,0.373772442,0.445231557,0.497299999
322.jpg,0.516470313,0.402779311,0.621810377,0.583202779
323.jpg,0.425846308,0.387484372,0.51044023,0.507321775
324.jpg,0.423735529,0.380093366,0.517858386,0.518125474
325.jpg,0.426113158,0.395128042,0.527340174,0.546964347
326.jpg,0.38281098,0.314225107,0.471513391,0.432540715
327.jpg,0.310736418,0.294352859,0.420511574,0.449464083
328.jpg,0.418640912,0.449273556,0.5127213,0.566031873
329.jpg,0.442989558,0.42195496,0.519348264,0.549528897
330.jpg,0.609693468,0.247638866,0.76142323,0.430672705
331.jpg,0.371067017,0.326644272,0.477523506,0.509633303
332.jpg,0.467446893,0.421628863,0.552362978,0.548623621
333.jpg,0.464826882,0.350893736,0.574259281,0.482657433
334.jpg,0.3832151,0.306203932,0.471020222,0.429246962
335.jpg,0.323254436,0.257109404,0.433417886,0.42948103
336.jpg,0.525729299,0.304924548,0.631624341,0.466413617
337.jpg,0.472760111,0.413372487,0.586412013,0.55142343
338.jpg,0.444767922,0.382762611,0.55011487,0.537246704
339.jpg,0.534607053,0.337253213,0.650359333,0.509216547
340.jpg,0.342342854,0.34870708,0.437930912,0.494120806
341.jpg,0.355651259,0.328433782,0.430310696,0.445834398
342.jpg,0.339678854,0.412862748,0.426544696,0.549365044
343.jpg,0.46713081,0.393267035,0.56072998,0.532843292
344.jpg,0.380612493,0.425313771,0.464718401,0.558991134
345.jpg,0.515482485,0.44410941,0.623816133,0.572729886
346.jpg,0.527963936,0.373360991,0.634909272,0.557420552
347.jpg,0.429779112,0.377890766,0.518113673,0.511619031
348.jpg,0.556396723,0.32542783,0.6977247,0.503412664
349.jpg,0.570008874,0.262620151,0.684624255,0.445551723
350.jpg,0.400840789,0.401439935,0.523928046,0.548709273
351.jpg,0.358983368,0.319264531,0.461396039,0.441275328
352.jpg,0.480357975,0.392535031,0.595582545,0.528090417
353.jpg,0.3278234,0.429925114,0.443927735,0.586483955
354.jpg,0.448883027,0.306078523,0.579853714,0.45778966
355.jpg,0.422752321,0.248138472,0.529520214,0.421687067
356.jpg,0.341476381,0.35036096,0.42194736,0.482129097
357.jpg,0.504046321,0.307904363,0.604918003,0.47797817
358.jpg,0.405308843,0.299921542,0.517680645,0.471129656
359.jpg,0.4229424,0.390382499,0.529491007,0.542412341
360.jpg,0.43634364,0.437452763,0.512934804,0.566671312
361.jpg,0.337309808,0.363833696,0.431116968,0.506595433
362.jpg,0.376442522,0.390752077,0.473931849,0.547449112
363.jpg,0.547446012,0.323799163,0.655020118,0.481965274
364.jpg,0.454943478,0.299454123,0.562956631,0.442726403
365.jpg,0.586470783,0.380815655,0.6711061,0.507652938
366.jpg,0.331075221,0.386258155,0.428805023,0.552447617
367.jpg,0.475015223,0.382595837,0.588846028,0.515165746
368.jpg,0.350414753,0.416020304,0.452685356,0.591544688
369.jpg,0.425117522,0.338949919,0.562772512,0.506004453
370.jpg,0.270915598,0.263241172,0.40140301,0.422920465
371.jpg,0.381486058,0.24237515,0.487687588,0.409353048
372.jpg,0.535170853,0.355893254,0.65693301,0.493518114
373.jpg,0.401933521,0.405798703,0.481351972,0.532160282
374.jpg,0.302215368,0.276753515,0.412993073,0.418815464
375.jpg,0.548476994,0.262472987,0.648567975,0.430435389
376.jpg,0.412050933,0.267308444,0.54079628,0.420657933
377.jpg,0.291374683,0.333175033,0.405234605,0.50130713
378.jpg,0.434081674,0.377204925,0.53298682,0.511221588
379.jpg,0.534199536,0.450949132,0.633723676,0.57785815
380.jpg,0.576840758,0.432943344,0.669897556,0.573003411
381.jpg,0.416735947,0.329295456,0.525232792,0.499084085
382.jpg,0.517493308,0.390181899,0.596124589,0.524761617
383.jpg,0.396812528,0.414073557,0.480277002,0.555743754
384.jpg,0.583714724,0.306230754,0.69582814,0.480556637
385.jpg,0.3684057,0.323599011,0.461404383,0.469613999
386.jpg,0.588840306,0.351750702,0.708421648,0.523324549
387.jpg,0.621626019,0.423040688,0.735055923,0.594298899
388.jpg,0.563795626,0.345111996,0.653954566,0.482986093
389.jpg,0.492521703,0.401239663,0.6011011,0.559808075
390.jpg,0.36479634,0.433190495,0.481820941,0.574292779
391.jpg,0.398946166,0.403681189,0.515354693,0.543639183
392.jpg,0.386357993,0.308200955,0.477014154,0.450581729
393.jpg,0.360100925,0.392400473,0.45010367,0.526577473
394.jpg,0.260745615,0.400808334,0.371611029,0.588947535
395.jpg,0.52064997,0.327688754,0.61396277,0.469404489
396.jpg,0.328423738,0.442323029,0.423982292,0.57906419
397.jpg,0.47708112,0.31796205,0.588325143,0.464010864
398.jpg,0.341534227,0.412920892,0.427732289,0.54472506
399.jpg,0.582572877,0.396061897,0.684480488,0.564284146
400.jpg,0.331520259,0.436077416,0.423286825,0.56976676
401.jpg,0.419852883,0.318632632,0.533564866,0.455204695
402.jpg,0.429683059,0.346272886,0.520272672,0.470559806
403.jpg,0.542052031,0.324191064,0.647000611,0.453337014
404.jpg,0.332467794,0.329250157,0.430740386,0.47110787
405.jpg,0.594543576,0.41375342,0.675504565,0.540187955
406.jpg,0.586704969,0.444696307,0.668110788,0.566518366
407.jpg,0.451054305,0.383888483,0.562724769,0.534178197
408.jpg,0.559818923,0.307366222,0.674634993,0.473559976
409.jpg,0.289698869,0.42976132,0.398590237,0.596247792
410.jpg,0.597718298,0.319240928,0.686312556,0.45475772
411.jpg,0.614582121,0.378577888,0.764603794,0.552443504
412.jpg,0.394155025,0.380532652,0.498754084,0.520183146
413.jpg,0.407734752,0.324080378,0.523979187,0.461637199
414.jpg,0.312356085,0.268664718,0.45378691,0.425269514
415.jpg,0.539862752,0.350080878,0.631417215,0.484349102
416.jpg,0.431072533,0.373158753,0.526059031,0.49952209
417.jpg,0.557689011,0.36021018,0.659249783,0.474908322
418.jpg,0.494179487,0.328418672,0.582488716,0.479730219
419.jpg,0.33768335,0.407235056,0.447560489,0.523579776
420.jpg,0.394055039,0.306441069,0.495757252,0.468944371
421.jpg,0.358477682,0.396407843,0.444066733,0.535200417
422.jpg,0.600655615,0.305450141,0.680527508,0.43147561
423.jpg,0.334913671,0.389715284,0.445354998,0.561013639
424.jpg,0.453375995,0.300199538,0.538254976,0.440084606
425.jpg,0.390097857,0.38792333,0.480192989,0.523920357
426.jpg,0.504471123,0.249654427,0.649000585,0.42120111
427.jpg,0.425174236,0.354694784,0.574166775,0.538516819
428.jpg,0.520176232,0.417234421,0.631655693,0.544762433
429.jpg,0.374491066,0.266477615,0.499452263,0.432209015
430.jpg,0.460262716,0.342330366,0.549133003,0.466617137
431.jpg,0.566864491,0.296348631,0.709221303,0.467273653
432.jpg,0.560018122,0.302346438,0.662450492,0.470871091
433.jpg,0.568087876,0.395139486,0.67695272,0.537472725
434.jpg,0.364616364,0.379128814,0.441984653,0.507008791
435.jpg,0.479799002,0.335399389,0.589822531,0.506852269
436.jpg,0.591356516,0.443506956,0.681919336,0.567825794
437.jpg,0.319754809,0.350221127,0.427539378,0.485225201
438.jpg,0.563750386,0.406303018,0.696895063,0.548066318
439.jpg,0.410523921,0.328139395,0.519454181,0.486310244
440.jpg,0.507070184,0.356013298,0.595513999,0.483460873
441.jpg,0.583046973,0.34866482,0.660042465,0.467855573
442.jpg,0.423893213,0.279781938,0.556670249,0.463560045
443.jpg,0.3863765,0.298961163,0.508401752,0.437366188
444.jpg,0.502427459,0.431758344,0.585439444,0.565357685
445.jpg,0.361967802,0.417994022,0.449260503,0.541675329
446.jpg,0.449968487,0.310112327,0.53264761,0.44431144
447.jpg,0.486549735,0.42601788,0.570878327,0.549087048
448.jpg,0.319717824,0.366823375,0.410452396,0.524780035
449.jpg,0.497313172,0.320833325,0.578427553,0.44824332
450.jpg,0.460423082,0.403320551,0.567604005,0.57620585
451.jpg,0.501275659,0.323774338,0.623637259,0.47466737
452.jpg,0.405369937,0.356765628,0.489605576,0.486859649
453.jpg,0.45621419,0.328465879,0.537778676,0.464562207
454.jpg,0.418149263,0.37240687,0.519887447,0.545486271
455.jpg,0.483209044,0.346755773,0.575910926,0.48440969
456.jpg,0.458096385,0.411406368,0.580104887,0.55395484
457.jpg,0.542752743,0.42104736,0.648201883,0.553020597
458.jpg,0.46637103,0.416983962,0.595028996,0.58141762
459.jpg,0.482150674,0.393755764,0.599010706,0.554706395
460.jpg,0.591492653,0.374765098,0.67456764,0.49651584
461.jpg,0.586807847,0.338081449,0.67402643,0.482650131
462.jpg,0.327825218,0.362962961,0.44137001,0.4876149
463.jpg,0.513045967,0.424675316,0.611725748,0.565280139
464.jpg,0.580444336,0.349859715,0.686237693,0.50444448
465.jpg,0.602021873,0.415552527,0.694147289,0.550863087
466.jpg,0.486611813,0.406857193,0.571264267,0.55125159
467.jpg,0.489943653,0.371904761,0.578975916,0.496444941
468.jpg,0.480730653,0.395994574,0.578420877,0.54512161
469.jpg,0.514730513,0.359190822,0.631404519,0.48509863
470.jpg,0.595379651,0.440179765,0.680602133,0.585392833
471.jpg,0.270992756,0.382712036,0.380674005,0.526411355
472.jpg,0.50085485,0.421542645,0.629085422,0.594380915
473.jpg,0.262551099,0.370834291,0.398441613,0.524892569
474.jpg,0.421642125,0.312834889,0.534311533,0.452507228
475.jpg,0.595990956,0.38215211,0.676191747,0.504126489
476.jpg,0.38404429,0.360118568,0.480912596,0.500769377
477.jpg,0.270765752,0.384824932,0.403968215,0.558563292
478.jpg,0.514134824,0.326831788,0.642121911,0.477680296
479.jpg,0.536197841,0.343796313,0.639047503,0.461810589
480.jpg,0.393604547,0.29977572,0.488074273,0.441422194
481.jpg,0.413558066,0.334150881,0.527285099,0.466030657
482.jpg,0.348201364,0.410250068,0.430878848,0.535413206
483.jpg,0.330850333,0.376828521,0.407307476,0.494829684
484.jpg,0.534645081,0.412716776,0.62890166,0.557257175
485.jpg,0.631211102,0.367517173,0.743491769,0.532275558
486.jpg,0.322301,0.375641584,0.421617746,0.530944109
487.jpg,0.444662929,0.348038226,0.530963063,0.485466987
488.jpg,0.440280557,0.331344664,0.562174678,0.475446731
489.jpg,0.592576206,0.398546726,0.732132018,0.560806096
490.jpg,0.382063061,0.363498211,0.471384972,0.493428975
491.jpg,0.373918682,0.313156039,0.517595768,0.490936667
492.jpg,0.293702722,0.362709373,0.414698601,0.501383185
493.jpg,0.465500236,0.4158732,0.54406476,0.535981297
494.jpg,0.442177355,0.366178453,0.530415833,0.485140532
495.jpg,0.442186356,0.353870064,0.534860849,0.473583251
496.jpg,0.373519361,0.417501062,0.503458321,0.582099497
497.jpg,0.59913826,0.439358622,0.680035591,0.572428823
498.jpg,0.390049368,0.337039649,0.508318901,0.524284959
499.jpg,0.283308446,0.339846402,0.382606179,0.493265748
500.jpg,0.525293112,0.323014766,0.612842143,0.45789957
501.jpg,0.433160514,0.372721791,0.517247081,0.49488169
502.jpg,0.329827189,0.423883468,0.452164024,0.570259809
503.jpg,0.277494073,0.415596217,0.393421173,0.588201404
504.jpg,0.407805324,0.418991655,0.505789816,0.552955151
505.jpg,0.346045345,0.298702925,0.444115251,0.463824511
506.jpg,0.483540088,0.363817483,0.603615284,0.509488821
507.jpg,0.399289161,0.342517525,0.498817801,0.488174736
508.jpg,0.331574619,0.377969027,0.409809142,0.500116885
509.jpg,0.530254722,0.415660411,0.627748728,0.559579432
510.jpg,0.329452693,0.408042252,0.419417441,0.548120737
511.jpg,0.569880962,0.402223289,0.651345313,0.533731937
512.jpg,0.438237906,0.352288872,0.518509984,0.48112303
513.jpg,0.519523561,0.412406117,0.631639063,0.53757304
514.jpg,0.413149863,0.398581654,0.535628736,0.54342103
515.jpg,0.563676655,0.381428301,0.677229285,0.512827873
516.jpg,0.372579038,0.42335996,0.488121539,0.562052369
517.jpg,0.449365854,0.447149128,0.52799058,0.573097289
518.jpg,0.36957112,0.354033053,0.478621542,0.483203709
519.jpg,0.58390075,0.419064313,0.681662738,0.576640248
520.jpg,0.370680928,0.322815001,0.454489529,0.449992359
521.jpg,0.389857888,0.410009623,0.467607588,0.529374838
522.jpg,0.411489546,0.389482647,0.49456501,0.516424894
523.jpg,0.579114974,0.371343136,0.714806139,0.538608432
524.jpg,0.379138201,0.371979147,0.464445084,0.500391364
525.jpg,0.463644654,0.324189365,0.578692973,0.461895764
526.jpg,0.509497106,0.44077003,0.583076477,0.557071686
527.jpg,0.336064368,0.413661659,0.421983004,0.544720471
528.jpg,0.417913288,0.436931401,0.501700819,0.565290511
529.jpg,0.566205144,0.356592029,0.720872521,0.529669464
530.jpg,0.335133582,0.366060644,0.438944459,0.526701152
531.jpg,0.59082824,0.401905447,0.712354422,0.54369086
532.jpg,0.323635608,0.422178149,0.419418484,0.570347965
533.jpg,0.364115506,0.376618832,0.467890203,0.49462083
534.jpg,0.61508733,0.328092694,0.714210927,0.481428057
535.jpg,0.268071264,0.302447796,0.387144417,0.490373433
536.jpg,0.339220285,0.355878681,0.480936944,0.518323123
537.jpg,0.429071546,0.381191313,0.52216512,0.507695675
538.jpg,0.523558915,0.400329828,0.625531495,0.539195776
539.jpg,0.323198736,0.432195365,0.434531748,0.57930094
540.jpg,0.35046491,0.375237852,0.466320395,0.510910451
541.jpg,0.412118882,0.405808538,0.497487217,0.535749018
542.jpg,0.488384247,0.376633823,0.593357921,0.496746689
543.jpg,0.385325491,0.348571479,0.483446151,0.49903065
544.jpg,0.549237788,0.291146934,0.670181155,0.464918405
545.jpg,0.352331311,0.312109619,0.475247383,0.456284553
546.jpg,0.445345551,0.321883112,0.536188066,0.477426767
547.jpg,0.560079455,0.332179517,0.640684128,0.450226218
548.jpg,0.463121474,0.364272803,0.591690719,0.524426162
549.jpg,0.449546367,0.307808995,0.58452332,0.464798301
550.jpg,0.533937693,0.295292318,0.668929636,0.437409729
551.jpg,0.416071028,0.296027303,0.528301418,0.461421907
552.jpg,0.319355965,0.366233408,0.427737951,0.484999925
553.jpg,0.342188954,0.336287171,0.427266002,0.482588887
554.jpg,0.352664322,0.380308658,0.461402386,0.551523745
555.jpg,0.361060768,0.328109324,0.472610921,0.500114858
556.jpg,0.517136812,0.357525319,0.615078747,0.504491687
557.jpg,0.360882282,0.382566959,0.448157847,0.50755614
558.jpg,0.359600544,0.293253064,0.461286098,0.463592768
559.jpg,0.494085222,0.42140758,0.606992304,0.600420356
560.jpg,0.488170654,0.380647242,0.57709682,0.520681441
561.jpg,0.484695047,0.285770088,0.575764835,0.443345577
562.jpg,0.422139347,0.33253178,0.533898532,0.512507081
563.jpg,0.556462586,0.300187826,0.662131429,0.479460806
564.jpg,0.598363519,0.325756401,0.692573965,0.471464038
565.jpg,0.459140301,0.338585049,0.554663122,0.463824064
566.jpg,0.344442517,0.405525118,0.441610903,0.547151446
567.jpg,0.533372104,0.356122524,0.613510549,0.489158958
568.jpg,0.482942432,0.40329209,0.570640147,0.530854344
569.jpg,0.498624772,0.341119379,0.61483556,0.484951466
570.jpg,0.579161942,0.351810992,0.6527946,0.466822922
571.jpg,0.462717026,0.356464535,0.545412302,0.489543945
572.jpg,0.270821393,0.285584241,0.380256891,0.430691987
573.jpg,0.302816868,0.351443946,0.45567885,0.522226572
574.jpg,0.519504964,0.340909362,0.628227711,0.474851847
575.jpg,0.443843842,0.357071787,0.572619557,0.537781239
576.jpg,0.548945546,0.400598466,0.636934519,0.526438832
577.jpg,0.556982994,0.352691472,0.670543551,0.490515202
578.jpg,0.544281185,0.386629939,0.625043988,0.512511015
579.jpg,0.398409247,0.367441922,0.522618592,0.51439631
580.jpg,0.316824794,0.335365444,0.417020887,0.462867796
581.jpg,0.404385597,0.357280523,0.479683787,0.486031324
582.jpg,0.464796454,0.33352527,0.562973022,0.49186343
583.jpg,0.570004225,0.39519757,0.685289085,0.525225699
584.jpg,0.390447974,0.327880949,0.473034501,0.455036402
585.jpg,0.343700737,0.356678247,0.465729624,0.496169657
586.jpg,0.481684446,0.305529803,0.619397819,0.45729962
587.jpg,0.510870636,0.343124688,0.596130729,0.474390596
588.jpg,0.397368699,0.365428716,0.505777776,0.49618715
589.jpg,0.614111662,0.356364131,0.722796977,0.531431556
590.jpg,0.423991323,0.396956444,0.511282444,0.527088881
591.jpg,0.51399529,0.340515524,0.599916041,0.487076133
592.jpg,0.470104396,0.377780259,0.590954602,0.524700046
593.jpg,0.365812957,0.386082053,0.464947701,0.519264817
594.jpg,0.603447735,0.390790671,0.69215405,0.542265117
595.jpg,0.336247146,0.245807931,0.448282123,0.420171112
596.jpg,0.353915304,0.252591312,0.459013969,0.432415247
597.jpg,0.362509102,0.342089176,0.458789706,0.503532171
598.jpg,0.329356849,0.288773477,0.476962537,0.470838785
599.jpg,0.475671351,0.424807876,0.553797603,0.547774017
600.jpg,0.440750599,0.367747903,0.59646368,0.557111561
601.jpg,0.394773483,0.368025184,0.48968327,0.494692832
602.jpg,0.413060009,0.427881449,0.495077908,0.555809081
603.jpg,0.365687937,0.380197316,0.463231623,0.523868263
604.jpg,0.341805041,0.287536591,0.435765564,0.449073017
605.jpg,0.464574069,0.292598784,0.571190894,0.471516043
606.jpg,0.354989737,0.411536068,0.491418868,0.592008471
607.jpg,0.592173457,0.424061626,0.727030933,0.590252042
608.jpg,0.454396874,0.428893596,0.541674495,0.569132924
609.jpg,0.324914157,0.285787344,0.440453768,0.436389208
610.jpg,0.580449998,0.441743702,0.698036253,0.588035941
611.jpg,0.320515633,0.290371567,0.446763426,0.442004174
612.jpg,0.431902945,0.422831535,0.533080697,0.539493382
613.jpg,0.41070348,0.308785707,0.489913642,0.433021992
614.jpg,0.466963351,0.435067147,0.587083101,0.578412473
615.jpg,0.324145198,0.29520455,0.422868401,0.442739189
616.jpg,0.391530991,0.41381079,0.476185173,0.546304822
617.jpg,0.2946603,0.346717834,0.415016294,0.522812903
618.jpg,0.371726125,0.343879044,0.476521343,0.497056037
619.jpg,0.434333384,0.409347564,0.531607568,0.574994326
620.jpg,0.478417248,0.389472365,0.576946914,0.539439559
621.jpg,0.383782506,0.324586183,0.508795857,0.476954609
622.jpg,0.534205198,0.339580208,0.615144908,0.463749707
623.jpg,0.352916241,0.368317157,0.465380341,0.499233693
624.jpg,0.582641721,0.362023801,0.694514155,0.533920348
625.jpg,0.362195641,0.386612862,0.491600096,0.541105509
626.jpg,0.62264514,0.294670522,0.74252224,0.457975149
627.jpg,0.599412262,0.332205564,0.71337384,0.467770368
628.jpg,0.542224526,0.286097497,0.647333682,0.466523528
629.jpg,0.535884202,0.399503946,0.621603549,0.537629426
630.jpg,0.307323426,0.314346462,0.42770502,0.459499478
631.jpg,0.506534398,0.3563371,0.593149245,0.488890022
632.jpg,0.524347186,0.451740623,0.641279042,0.603944242
633.jpg,0.543181121,0.397761256,0.670653582,0.549578846
634.jpg,0.292647243,0.269737691,0.389668435,0.428655535
635.jpg,0.336632758,0.409053952,0.46056658,0.5430879
636.jpg,0.371326655,0.357660472,0.4761464,0.518595576
637.jpg,0.436226696,0.33254233,0.526098251,0.463145316
638.jpg,0.449605554,0.347589761,0.547731996,0.497362971
639.jpg,0.562019646,0.264202833,0.673801064,0.449926704
640.jpg,0.518027842,0.374975324,0.636840284,0.533924162
641.jpg,0.364350677,0.371925503,0.488155156,0.5505566
642.jpg,0.474801511,0.317180991,0.604609668,0.455857724
643.jpg,0.407170594,0.37157315,0.511178255,0.487070262
644.jpg,0.355765343,0.361515075,0.4385176,0.50370425
645.jpg,0.615744591,0.369774014,0.74838537,0.542723119
646.jpg,0.315918177,0.359485775,0.456051648,0.513366163
647.jpg,0.424435586,0.425066978,0.525105536,0.568006516
648.jpg,0.328521788,0.330282658,0.430123717,0.482227743
649.jpg,0.440817297,0.283128202,0.540497303,0.430219114
650.jpg,0.442606091,0.367680162,0.522313237,0.502673328
651.jpg,0.390878886,0.317755699,0.496829987,0.483923972
652.jpg,0.465303689,0.420250177,0.606010199,0.587235987
653.jpg,0.426212966,0.350230575,0.517807424,0.484324425
654.jpg,0.403051376,0.427200526,0.516382575,0.605307579
655.jpg,0.398575187,0.409704804,0.502027988,0.57394892
656.jpg,0.622907698,0.287165284,0.733146966,0.452542603
657.jpg,0.399326444,0.303247124,0.510600507,0.437932074
658.jpg,0.498969048,0.389734298,0.607740939,0.523296118
659.jpg,0.324737161,0.431000113,0.419349521,0.571258426
660.jpg,0.459315747,0.308858246,0.61040318,0.481546104
661.jpg,0.412325084,0.404500544,0.51198262,0.530968666
662.jpg,0.541875064,0.330593824,0.697919369,0.508249342
663.jpg,0.472060293,0.410401046,0.553403437,0.550235689
664.jpg,0.575835526,0.390336245,0.705444038,0.571394265
665.jpg,0.62267673,0.291372478,0.747743547,0.460774034
666.jpg,0.322330832,0.369407922,0.417885393,0.521256566
667.jpg,0.55929023,0.409049481,0.665575743,0.567995846
668.jpg,0.541097581,0.369576693,0.652640522,0.525724113
669.jpg,0.355589569,0.398298621,0.473024249,0.555281281
670.jpg,0.363120764,0.390467137,0.458267361,0.512357891
671.jpg,0.400348246,0.347544044,0.52386415,0.528046966
672.jpg,0.536440372,0.328051448,0.647452652,0.473164976
673.jpg,0.516869485,0.385259658,0.623481929,0.507171094
674.jpg,0.333040595,0.410350084,0.438927591,0.56950587
675.jpg,0.552655816,0.399187028,0.661530674,0.552240729
676.jpg,0.611881793,0.374774069,0.710593879,0.523180783
677.jpg,0.541915357,0.401590496,0.636038065,0.528651834
678.jpg,0.480471998,0.365782261,0.596523345,0.515126586
679.jpg,0.361243576,0.356202126,0.450132638,0.492741853
680.jpg,0.392728209,0.439239055,0.475721687,0.561219931
681.jpg,0.416139752,0.304258913,0.524544358,0.465510666
682.jpg,0.595939159,0.292057693,0.707533836,0.448801666
683.jpg,0.582332671,0.327162236,0.69204545,0.495654851
684.jpg,0.4922297,0.423648417,0.598282635,0.549973726
685.jpg,0.468925953,0.292460084,0.574142516,0.440883547
686.jpg,0.371359318,0.248594686,0.480012059,0.418039382
687.jpg,0.304478943,0.406617105,0.420457691,0.561245918
688.jpg,0.479101777,0.241799861,0.585249662,0.415316731
689.jpg,0.360735059,0.305213869,0.45254913,0.431634307
690.jpg,0.429161072,0.445457458,0.537852764,0.575449407
691.jpg,0.424906075,0.436039209,0.520292878,0.572289884
692.jpg,0.485634923,0.341760397,0.624930441,0.522133589
693.jpg,0.572272897,0.414432585,0.657167614,0.539699614
694.jpg,0.427222103,0.373368442,0.533413768,0.519554675
695.jpg,0.507034004,0.368286401,0.599325299,0.496308118
696.jpg,0.282407373,0.327870935,0.412250876,0.466794729
697.jpg,0.502323389,0.358801901,0.598014712,0.500446558
698.jpg,0.319054723,0.426656872,0.429807574,0.563940465
699.jpg,0.370090961,0.372650057,0.46744445,0.50680232
700.jpg,0.484247506,0.443204641,0.575409234,0.564016104
701.jpg,0.495343953,0.428393096,0.589987516,0.574983597
702.jpg,0.618797123,0.284781069,0.762398005,0.452322245
703.jpg,0.628261864,0.424340159,0.73602289,0.586442113
704.jpg,0.344753474,0.4299784,0.438118517,0.573308527
705.jpg,0.521405518,0.387889981,0.614474952,0.532637358
706.jpg,0.417786777,0.406392932,0.520109355,0.556911767
707.jpg,0.576289237,0.309290588,0.679801762,0.436945707
708.jpg,0.288823843,0.32313922,0.428441018,0.48918286
709.jpg,0.582695603,0.432689816,0.698776066,0.569377959
710.jpg,0.471982747,0.391934633,0.552336991,0.522903621
711.jpg,0.37349391,0.405267984,0.458284944,0.539502621
712.jpg,0.595118582,0.292918622,0.688234448,0.440696567
713.jpg,0.372319341,0.28576225,0.476485372,0.438144624
714.jpg,0.381923199,0.421346098,0.491647243,0.55957067
715.jpg,0.362037241,0.429440349,0.438398093,0.555529594
716.jpg,0.528457403,0.279391855,0.629703343,0.452162027
717.jpg,0.311631948,0.332859635,0.468751937,0.516768634
718.jpg,0.542923272,0.335094392,0.648768008,0.464168936
719.jpg,0.520866811,0.358012974,0.601749897,0.491490662
720.jpg,0.532257676,0.384041369,0.648552179,0.522802174
721.jpg,0.450476706,0.341615558,0.601576924,0.522361457
722.jpg,0.410112768,0.400354207,0.500195205,0.526707947
723.jpg,0.631384492,0.341540694,0.741575062,0.517146945
724.jpg,0.52985549,0.388553113,0.617227137,0.517392337
725.jpg,0.477134526,0.333873361,0.572093606,0.463369906
726.jpg,0.346453547,0.433931798,0.42332077,0.554642618
727.jpg,0.29347083,0.356399447,0.423866183,0.523987651
728.jpg,0.5923419,0.422590494,0.682444632,0.554617167
729.jpg,0.334647954,0.413151205,0.422745466,0.537630439
730.jpg,0.569203198,0.429695606,0.678237736,0.598540425
731.jpg,0.513423622,0.385343373,0.634101987,0.520781696
732.jpg,0.469854146,0.37480408,0.576430798,0.50899744
733.jpg,0.288784236,0.397570759,0.388397843,0.554414093
734.jpg,0.548128188,0.35568136,0.647096515,0.521433532
735.jpg,0.396475285,0.421429873,0.49786377,0.551592767
736.jpg,0.389355212,0.347008228,0.501643121,0.485016286
737.jpg,0.450826734,0.369000345,0.548716724,0.515424311
738.jpg,0.450972676,0.392181963,0.529554486,0.516865909
739.jpg,0.419574112,0.371609598,0.565088987,0.54097122
740.jpg,0.512667418,0.361986727,0.649570405,0.537952185
741.jpg,0.550579965,0.404079854,0.661434293,0.527448118
742.jpg,0.590453565,0.391779214,0.691771269,0.560800374
743.jpg,0.28257966,0.352383345,0.388469279,0.526783049
744.jpg,0.276542872,0.391508847,0.384712875,0.560249567
745.jpg,0.551838636,0.384866714,0.641170681,0.51494813
746.jpg,0.469820768,0.424830735,0.579653621,0.556633353
747.jpg,0.430076987,0.325765491,0.505329728,0.441633224
748.jpg,0.561950207,0.377344012,0.661862195,0.524915397
749.jpg,0.423809648,0.386848569,0.507843316,0.520682693
750.jpg,0.551126659,0.383592665,0.645403445,0.543029428
751.jpg,0.344870865,0.320651561,0.460425615,0.467244774
752.jpg,0.465450168,0.408987135,0.575304627,0.558140099
753.jpg,0.487324208,0.351910979,0.588167429,0.480541557
754.jpg,0.626756966,0.301325321,0.725606263,0.465826839
755.jpg,0.489734143,0.331153035,0.609152794,0.466377556
756.jpg,0.576828361,0.282238454,0.719413579,0.445339948
757.jpg,0.37859264,0.383320898,0.467765898,0.508363128
758.jpg,0.434108257,0.286135584,0.557176113,0.439474434
759.jpg,0.476296544,0.376758844,0.573325515,0.535077035
760.jpg,0.3090626,0.406036496,0.445578486,0.56958431
761.jpg,0.426757097,0.39111957,0.574210346,0.551305354
762.jpg,0.426129818,0.340064138,0.542425156,0.473095924
763.jpg,0.327176899,0.334753186,0.427399695,0.467322767
764.jpg,0.477013499,0.358184934,0.569817662,0.4864375
765.jpg,0.569299459,0.430640757,0.673764646,0.584903061
766.jpg,0.434954971,0.415802717,0.542337477,0.544405758
767.jpg,0.436999351,0.355249137,0.540219307,0.51525104
768.jpg,0.463130534,0.410476208,0.566497207,0.564261675
769.jpg,0.446216404,0.286965787,0.561999619,0.460632831
770.jpg,0.460790217,0.423415869,0.541992486,0.542913198
771.jpg,0.363036573,0.410696417,0.477320194,0.53891319
772.jpg,0.433925509,0.353064984,0.555424988,0.499499887
773.jpg,0.408408999,0.288586915,0.516420126,0.474877238
774.jpg,0.420296758,0.32870093,0.51088959,0.481516272
775.jpg,0.549182475,0.434804022,0.629627943,0.554706573
776.jpg,0.41321376,0.385584384,0.518963218,0.55736506
777.jpg,0.531359255,0.37305671,0.643939316,0.518470466
778.jpg,0.455756962,0.33959806,0.574245214,0.481042624
779.jpg,0.54048866,0.400041968,0.621709824,0.522539079
780.jpg,0.358284175,0.338954598,0.475722939,0.512782335
781.jpg,0.569476604,0.339635789,0.695456564,0.488634825
782.jpg,0.6202389,0.302689016,0.718358457,0.470288873
783.jpg,0.529765546,0.400624901,0.60890156,0.531256318
784.jpg,0.406119198,0.337841749,0.492610633,0.479935855
785.jpg,0.445769101,0.34668541,0.522880077,0.469810635
786.jpg,0.577004492,0.34851864,0.669647872,0.487312883
787.jpg,0.438590139,0.324187011,0.523173928,0.454234868
788.jpg,0.322411954,0.445667595,0.414609045,0.577721298
789.jpg,0.406788051,0.406554878,0.508081913,0.568840206
790.jpg,0.395253241,0.332381427,0.50024271,0.475059479
791.jpg,0.323700488,0.372278273,0.426225752,0.489560992
792.jpg,0.29210031,0.338178009,0.441693038,0.518260956
793.jpg,0.425001591,0.41219604,0.53116864,0.554691553
794.jpg,0.608161449,0.324163318,0.696768463,0.474809825
795.jpg,0.488441199,0.422956258,0.594240665,0.59206748
796.jpg,0.573139548,0.298388541,0.659381092,0.430391192
797.jpg,0.523535073,0.319071233,0.608980715,0.453955621
798.jpg,0.556340396,0.329520792,0.632760763,0.449516445
799.jpg,0.483154178,0.410321206,0.570013404,0.55006969
800.jpg,0.629424989,0.297912747,0.732953608,0.472535223
801.jpg,0.615013063,0.381862521,0.717031479,0.54579258
802.jpg,0.310391039,0.345639884,0.416244298,0.474387974
803.jpg,0.595398366,0.393588215,0.701498866,0.561341703
804.jpg,0.503678799,0.39218533,0.638844788,0.57620573
805.jpg,0.515799463,0.365438551,0.637789369,0.542901814
806.jpg,0.462076634,0.418961048,0.547136545,0.550360084
807.jpg,0.598394632,0.409825981,0.682813585,0.552462995
808.jpg,0.371476471,0.352619588,0.454963386,0.497900575
809.jpg,0.406381071,0.328304857,0.53167671,0.487571865
810.jpg,0.316249162,0.341680557,0.435297519,0.529798865
811.jpg,0.552541792,0.291048676,0.679429233,0.429482967
812.jpg,0.562535763,0.264331102,0.679332674,0.432931304
813.jpg,0.383012772,0.361932814,0.477730125,0.525709629
814.jpg,0.547651708,0.394626915,0.627085268,0.518689394
815.jpg,0.375651032,0.370147318,0.458817333,0.493476719
816.jpg,0.29244861,0.265788049,0.396879047,0.444662035
817.jpg,0.529534221,0.28424105,0.618937612,0.433717251
818.jpg,0.312485009,0.319787025,0.400357187,0.45518297
819.jpg,0.410535276,0.426196456,0.496228278,0.551451445
820.jpg,0.55556345,0.342929512,0.689808667,0.512707412
821.jpg,0.46813634,0.304763287,0.565730512,0.43285358
822.jpg,0.590409875,0.341475129,0.669535697,0.458215207
823.jpg,0.413771093,0.374961406,0.490265161,0.505423129
824.jpg,0.45157364,0.430705011,0.54534936,0.591344714
825.jpg,0.564110219,0.410895616,0.63741231,0.538849771
826.jpg,0.439959705,0.274036407,0.546585083,0.435742617
827.jpg,0.611419499,0.281391531,0.718833745,0.452522039
828.jpg,0.572613597,0.388647377,0.691087663,0.54041791
829.jpg,0.353416324,0.365854859,0.427834511,0.492626905
830.jpg,0.445668966,0.271670282,0.546898127,0.433671027
831.jpg,0.370783716,0.391309679,0.478798538,0.51759994
832.jpg,0.605657458,0.407818764,0.716711521,0.564783633
833.jpg,0.492053598,0.396643162,0.634070635,0.557035148
834.jpg,0.407795459,0.37383303,0.526200712,0.514065444
835.jpg,0.578461289,0.33592099,0.665237129,0.450538993
836.jpg,0.50839144,0.417569816,0.66045177,0.602161705
837.jpg,0.564803183,0.383171529,0.678913534,0.551014602
838.jpg,0.498371661,0.364915192,0.625347435,0.509726822
839.jpg,0.575314343,0.347816974,0.656614006,0.486934781
840.jpg,0.431053728,0.331657052,0.571939826,0.483801067
841.jpg,0.539729953,0.233331054,0.64829725,0.420347512
842.jpg,0.435266376,0.430684865,0.513436437,0.546821654
843.jpg,0.433583885,0.36041075,0.518785954,0.506228805
844.jpg,0.503018379,0.35618782,0.618839562,0.515167415
845.jpg,0.527689338,0.386138886,0.640466332,0.52416873
846.jpg,0.396261275,0.384159595,0.485774964,0.54068774
847.jpg,0.334703863,0.412912697,0.419972241,0.548095226
848.jpg,0.495823413,0.299411058,0.602963507,0.47594744
849.jpg,0.538842499,0.343064964,0.650622189,0.465848237
850.jpg,0.463518173,0.423256069,0.579909325,0.564797699
851.jpg,0.354756504,0.375093549,0.480607629,0.549844325
852.jpg,0.543947816,0.399030864,0.661605179,0.535756528
853.jpg,0.490806788,0.417213678,0.605508983,0.558676004
854.jpg,0.595214725,0.280552328,0.716451466,0.433512956
855.jpg,0.555708766,0.367937237,0.6645509,0.502164602
856.jpg,0.541432858,0.31898877,0.656363904,0.448658615
857.jpg,0.345850468,0.429834127,0.43179521,0.566413641
858.jpg,0.430501848,0.333691239,0.522487044,0.478576243
859.jpg,0.551749349,0.357540578,0.67609334,0.50731355
860.jpg,0.585010409,0.430941731,0.665810943,0.555446029
861.jpg,0.338927209,0.411525726,0.434091777,0.555428565
862.jpg,0.427879363,0.314229846,0.540711522,0.451195449
863.jpg,0.43513307,0.345162958,0.524573684,0.476195365
864.jpg,0.5277372,0.275305182,0.629359961,0.441015035
865.jpg,0.382309139,0.435556322,0.483228713,0.557330966
866.jpg,0.602660716,0.379934996,0.703525245,0.520963907
867.jpg,0.375767946,0.284974575,0.487486392,0.465125054
868.jpg,0.374089748,0.439837933,0.457351685,0.564293683
869.jpg,0.431542188,0.409140408,0.521783471,0.55616641
870.jpg,0.456487149,0.409464061,0.538159549,0.533010185
871.jpg,0.462558508,0.381788015,0.542188644,0.521669924
872.jpg,0.510130405,0.393725276,0.616719604,0.514431536
873.jpg,0.451284528,0.412156105,0.53236407,0.536618292
874.jpg,0.362893283,0.350390106,0.520885706,0.522546351
875.jpg,0.336901814,0.309243262,0.483512402,0.485211223
876.jpg,0.32508409,0.311255544,0.41334635,0.444722801
877.jpg,0.498195559,0.422726274,0.614730835,0.597455919
878.jpg,0.32251811,0.350721031,0.447903901,0.498532653
879.jpg,0.340089589,0.353509605,0.464208901,0.509717822
880.jpg,0.313854903,0.381766021,0.419900477,0.501911581
881.jpg,0.580559731,0.381417632,0.696619928,0.52181071
882.jpg,0.366375268,0.420672327,0.456493556,0.571383119
883.jpg,0.356460929,0.316687524,0.452116191,0.479411632
884.jpg,0.574739397,0.384608954,0.667882323,0.522551656
885.jpg,0.595778763,0.333835602,0.695505142,0.491208076
886.jpg,0.567656457,0.419855118,0.684316993,0.563174307
887.jpg,0.594508827,0.410357714,0.673718214,0.546023786
888.jpg,0.583323717,0.392955005,0.680421114,0.550543427
889.jpg,0.525310636,0.334478289,0.612851799,0.484948963
890.jpg,0.530394971,0.430295825,0.628993809,0.572142661
891.jpg,0.462366045,0.416095495,0.583791614,0.587746978
892.jpg,0.440918446,0.386924058,0.516377866,0.503804982
893.jpg,0.411570281,0.414061129,0.509944022,0.56891346
894.jpg,0.416979581,0.34367314,0.516120076,0.489476681
895.jpg,0.372502923,0.320781916,0.462861449,0.4560996
896.jpg,0.606196404,0.370793611,0.69112426,0.504480958
897.jpg,0.590966523,0.403352648,0.698740423,0.566265345
898.jpg,0.455220491,0.394353956,0.547545731,0.532738447
899.jpg,0.435490549,0.441585779,0.515826046,0.570140839
900.jpg,0.604744554,0.401952028,0.694833875,0.535430551
901.jpg,0.419349313,0.259599686,0.529447377,0.420555621
902.jpg,0.449900687,0.441832513,0.523934722,0.568685889
903.jpg,0.564033926,0.44026342,0.664916873,0.564736784
904.jpg,0.531120479,0.350842595,0.642935038,0.478078216
905.jpg,0.551490903,0.389584571,0.672452807,0.567219138
906.jpg,0.443843573,0.309921145,0.561280131,0.444780439
907.jpg,0.439308077,0.283881605,0.531301796,0.428064436
908.jpg,0.406391114,0.304123729,0.497325063,0.451149821
909.jpg,0.391060561,0.407456368,0.502543509,0.540432096
910.jpg,0.516490281,0.391069353,0.63896203,0.556508362
911.jpg,0.396053702,0.364773721,0.482587308,0.485628664
912.jpg,0.542306781,0.409876376,0.629641175,0.554686487
913.jpg,0.329106808,0.369915456,0.464133382,0.52377224
914.jpg,0.337107748,0.348807991,0.441311389,0.499597907
915.jpg,0.386494547,0.319954246,0.517587304,0.488496304
916.jpg,0.314182252,0.253602892,0.422132969,0.432472557
917.jpg,0.260127157,0.374487251,0.384346455,0.551399052
918.jpg,0.540314019,0.376200467,0.691585481,0.56553781
919.jpg,0.370799035,0.292170912,0.500555396,0.443680912
920.jpg,0.363651395,0.354865193,0.449095577,0.483666241
921.jpg,0.482719332,0.396086127,0.582328618,0.534257889
922.jpg,0.545725524,0.426965505,0.641323984,0.575379789
923.jpg,0.375481576,0.382273108,0.479879558,0.51404798
924.jpg,0.473220646,0.446235597,0.564685047,0.570028543
925.jpg,0.444266856,0.338216782,0.559206188,0.52150774
926.jpg,0.394115835,0.351437509,0.503290653,0.523329139
927.jpg,0.450475961,0.428209901,0.545275331,0.559600174
